method,n_signatures,median_jaccard,iqr_jaccard,kuncheva
LASSO,50,0.20997920997921,0.036849099915428285,
SVM-RFE,50,0.3953488372093023,0.3936561880487114,
